{
  "nomad-coders": [126.765383, 37.693291],
  "itamgames": [127.024486, 37.497303],
  "metaverse-world": [127.036428, 37.502655],
  "quest3": [127.02900264553, 37.499493264043]
}